{
    "display": {
      "icon": {
        "item": "cobblemon:galarica_wreath"
      },
      "title": "The Horned God of Life",
      "description": "Summon Xerneas using a Beacon and a Galarica Wreath",
      "frame": "challenge",
      "show_toast": true,
      "announce_to_chat": true,
      "hidden": false
    },
    "parent": "survivallegends:root",
    "criteria": {
      "stone_use": {
        "trigger": "minecraft:item_used_on_block",
        "conditions": {
          "item": {
            "items": [
              "cobblemon:galarica_wreath"
            ],
            "count": 1
          },
          "location": {
            "block": {
              "blocks": [
               	"minecraft:beacon"
              ]
            },
            "biome": "minecraft:dark_forest"
          }
        }
      }
    },
    "requirements": [
      [
        "stone_use"
      ]
    ],
    "rewards": {
        "function": "survivallegends:xerneas"
    }
  } 