{
  "display": {
    "icon": {
      "item": "cobblemon:master_ball"
    },
    "title": "Legendary Encounters",
    "description": "Install the SurvivalLegends Datapack",
    "show_toast": false,
    "announce_to_chat": false,
    "hidden": false,
	"background": "minecraft:textures/block/coal_block.png"
  },
  "criteria": {
        "yak": {
            "trigger": "minecraft:location",
            "conditions": {
                "location": {
                    "position": {
                        "y": {
                            "min": 0,
                            "max": 320
                        }
                    }
                }
            }
        }
    }
}