{
  "display": {
    "icon": {
      "item": "cobblemon:thunder_stone"
    },
    "title": "#145 Zapdos",
    "description": "Summon Zapdos using a Fully Powered Beacon and 8 Thunder Stones",
    "frame": "challenge",
    "show_toast": true,
    "announce_to_chat": true,
    "hidden": false
  },
  "parent": "survivallegends:root",
  "criteria": {
    "stone_use": {
      "trigger": "minecraft:item_used_on_block",
      "conditions": {
        "item": {
          "items": [
            "cobblemon:thunder_stone"
          ],
          "count": 8
        },
        "location": {
          "block": {
            "blocks": [
              "minecraft:beacon"
            ],
            "nbt": "{Levels:4}"
          }
        }
      }
    }
  },
  "requirements": [
    [
      "stone_use"
    ]
  ],
  "rewards": {
	  "function": "survivallegends:zapdos"
  }
}
