{
    "name": "phantump",
    "nationalPokedexNumber": 708,
    "primaryType": "ghost",
    "secondaryType": "grass",
    "abilities": [
        "naturalcure",
        "frisk",
        "h:harvest"
    ],
    "baseStats": {
        "hp": 43,
        "attack": 70,
        "defence": 48,
        "special_attack": 50,
        "special_defence": 60,
        "speed": 38
    },
    "catchRate": 120,
    "maleRatio": 0.5,
    "shoulderMountable": false,
    "forms": [],
    "baseExperienceYield": 62,
    "experienceGroup": "mediumfast",
    "eggCycles": 20,
    "eggGroups": [
        "grass",
        "amorphous"
    ],
    "moves": [
        "1:tackle",
        "1:astonish",
        "4:branchpoke",
        "8:leechseed",
        "12:confuseray",
        "16:willowisp",
        "19:feintattack",
        "20:hex",
        "24:growth",
        "28:hornleech",
        "32:curse",
        "36:phantomforce",
        "40:ingrain",
        "44:woodhammer",
        "48:destinybond",
        "52:forestscurse",
        "egg:bestow",
        "egg:disable",
        "egg:grudge",
        "egg:poweruppunch",
        "egg:suckerpunch",
        "tm:allyswitch",
        "tm:attract",
        "tm:bulldoze",
        "tm:confide",
        "tm:cut",
        "tm:darkpulse",
        "tm:dig",
        "tm:doubleteam",
        "tm:dreameater",
        "tm:endure",
        "tm:energyball",
        "tm:facade",
        "tm:foulplay",
        "tm:frustration",
        "tm:gigadrain",
        "tm:grassknot",
        "tm:hex",
        "tm:hiddenpower",
        "tm:imprison",
        "tm:magicalleaf",
        "tm:naturepower",
        "tm:phantomforce",
        "tm:poisonjab",
        "tm:protect",
        "tm:psychic",
        "tm:reflect",
        "tm:rest",
        "tm:return",
        "tm:rockslide",
        "tm:rocksmash",
        "tm:round",
        "tm:safeguard",
        "tm:secretpower",
        "tm:seedbomb",
        "tm:shadowball",
        "tm:shadowclaw",
        "tm:skillswap",
        "tm:sleeptalk",
        "tm:snore",
        "tm:solarbeam",
        "tm:strength",
        "tm:substitute",
        "tm:sunnyday",
        "tm:swagger",
        "tm:thief",
        "tm:toxic",
        "tm:trick",
        "tm:trickroom",
        "tm:venomdrench",
        "tm:willowisp",
        "tutor:grassyglide",
        "tutor:magiccoat",
        "tutor:painsplit",
        "tutor:poltergeist",
        "tutor:roleplay",
        "tutor:skittersmack",
        "tutor:spite",
        "tutor:telekinesis",
        "tutor:worryseed"
    ],
    "labels": [
        "gen6"
    ],
    "pokedex": [
        "cobblemon.species.phantump.desc1",
        "cobblemon.species.phantump.desc2"
    ],
    "evolutions": [
        {
            "id": "phantump_trevenant",
            "variant": "trade",
            "result": "trevenant",
            "consumeHeldItem": false,
            "learnableMoves": [],
            "requirements": [],
            "requiredContext": null
        }
    ],
    "baseScale": 1.0,
    "hitbox": {
        "width": 1.0,
        "height": 1.0,
        "fixed": false
    },
    "baseFriendship": 50,
    "evYield": {
        "attack": 1
    },
    "height": 4,
    "weight": 70
}