{
	"format_version": "1.12.0",
	"minecraft:geometry": [
		{
			"description": {
				"identifier": "geometry.unknown",
				"texture_width": 64,
				"texture_height": 64,
				"visible_bounds_width": 4,
				"visible_bounds_height": 3.5,
				"visible_bounds_offset": [0, 1.25, 0]
			},
			"bones": [
				{
					"name": "phantump",
					"pivot": [0, 0, 0]
				},
				{
					"name": "body",
					"parent": "phantump",
					"pivot": [0, 1, 0]
				},
				{
					"name": "torso",
					"parent": "body",
					"pivot": [0, 1, 0]
				},
				{
					"name": "torso2",
					"parent": "torso",
					"pivot": [0, 4, 0],
					"cubes": [
						{"origin": [-2, 1.68513, -1.79718], "size": [4, 3, 4], "pivot": [0, 4, 0], "rotation": [-17.5, 0, 0], "uv": [0, 10]},
						{"origin": [-1, 6, -1], "size": [2, 2, 2], "uv": [19, 0]},
						{"origin": [-1.5, 4.25, -1.19577], "size": [3, 2, 3], "pivot": [0, 6, 0], "rotation": [-17.5, 0, 0], "uv": [12, 17]}
					]
				},
				{
					"name": "tail",
					"parent": "torso",
					"pivot": [0, 2, 1],
					"cubes": [
						{"origin": [-1, 1.39327, 0.94487], "size": [2, 2, 3], "pivot": [0, 2, 1], "rotation": [17.5, 0, 0], "uv": [0, 21]}
					]
				},
				{
					"name": "end",
					"parent": "tail",
					"pivot": [0, 3, 3],
					"cubes": [
						{"origin": [0, 1.04097, 3.23673], "size": [0, 3, 2], "pivot": [0, 3, 3], "rotation": [17.5, 0, 0], "uv": [12, 8]}
					]
				},
				{
					"name": "head",
					"parent": "torso",
					"pivot": [0, 8, 0],
					"cubes": [
						{"origin": [-3.5, 8, -2.5], "size": [7, 5, 5], "uv": [0, 0]},
						{"origin": [-4, 7.5, -3.5], "size": [8, 5, 1], "uv": [28, 19]},
						{"origin": [-4, 7.5, -3.5], "size": [8, 6, 1], "pivot": [0, 0, 0], "rotation": [0, 180, 0], "uv": [46, 18]},
						{"origin": [3, 7.5, -2.5], "size": [1, 6, 5], "uv": [52, 25], "mirror": true},
						{"origin": [-4, 7.5, -2.5], "size": [1, 6, 5], "uv": [52, 25]},
						{"origin": [1, 12.5, -3.5], "size": [3, 1, 1], "uv": [46, 16]},
						{"origin": [-4, 12.5, -3.5], "size": [3, 1, 1], "uv": [46, 16], "mirror": true},
						{"origin": [-1.5, 12.5, -3.501], "size": [1, 1, 1], "uv": [46, 16], "mirror": true},
						{"origin": [0.5, 12.5, -3.501], "size": [1, 1, 1], "uv": [46, 16]}
					]
				},
				{
					"name": "tuft",
					"parent": "head",
					"pivot": [0, 13, 0],
					"rotation": [0, 30, 0],
					"cubes": [
						{"origin": [-1.82041, 12.61977, -1.34073], "size": [4, 3, 3], "pivot": [0, 15, 0], "rotation": [0.66178, -9.95679, -7.58621], "uv": [16, 10]}
					]
				},
				{
					"name": "tuft2",
					"parent": "tuft",
					"pivot": [0, 15, 0],
					"cubes": [
						{"origin": [-2.96985, 13.83186, -1], "size": [4, 2, 2], "pivot": [0, 15, 0], "rotation": [0, 0, 12.5], "uv": [0, 17]}
					]
				},
				{
					"name": "tuft_end",
					"parent": "tuft2",
					"pivot": [-1.5, 15, 0],
					"cubes": [
						{"origin": [-3.25521, 15.36725, 0], "size": [2, 3, 0], "pivot": [-2, 16, 0], "rotation": [0, 0, -7.61435], "uv": [24, 4]}
					]
				},
				{
					"name": "left_branch",
					"parent": "head",
					"pivot": [-1, 1, 0],
					"rotation": [0, 0, 5],
					"cubes": [
						{"origin": [-8, 8.5, -1.5], "size": [4, 3, 3], "uv": [50, 10], "mirror": true},
						{"origin": [-10, 9.5, -1], "size": [2, 4, 2], "pivot": [-2, 1, 0], "rotation": [0, 0, 5], "uv": [56, 4]},
						{"origin": [-13, 10, 0], "size": [3, 4, 0], "pivot": [-2, 1, 0], "rotation": [0, 0, 15], "uv": [58, 0]}
					]
				},
				{
					"name": "left_leaf1",
					"parent": "left_branch",
					"pivot": [-9, 14, 0],
					"cubes": [
						{"origin": [-9, 11.8, 0], "size": [1, 2, 0], "pivot": [-9, 14, 0], "rotation": [-32.10382, -5.35355, -130.95862], "uv": [2, 0]},
						{"origin": [-10, 11.8, 0], "size": [3, 1, 0], "pivot": [-9, 14, 0], "rotation": [-32.10382, -5.35355, -130.95862], "uv": [19, 0]}
					]
				},
				{
					"name": "left_leaf2",
					"parent": "left_branch",
					"pivot": [-10, 13, 0],
					"cubes": [
						{"origin": [-10.5, 13, 0], "size": [1, 2, 0], "pivot": [-10, 13, 0], "rotation": [32.5, 0, -122.5], "uv": [2, 0]},
						{"origin": [-11.5, 14, 0], "size": [3, 1, 0], "pivot": [-10, 13, 0], "rotation": [32.5, 0, -122.5], "uv": [19, 0]}
					]
				},
				{
					"name": "right_branch",
					"parent": "head",
					"pivot": [-1, 1, 0],
					"rotation": [0, 0, -5],
					"cubes": [
						{"origin": [8, 9.5, -1], "size": [2, 4, 2], "pivot": [2, 1, 0], "rotation": [0, 0, -5], "uv": [56, 4], "mirror": true},
						{"origin": [10, 10, 0], "size": [3, 4, 0], "pivot": [2, 1, 0], "rotation": [0, 0, -15], "uv": [58, 0], "mirror": true},
						{"origin": [4, 8.5, -1.5], "size": [4, 3, 3], "uv": [50, 10]}
					]
				},
				{
					"name": "right_leaf1",
					"parent": "right_branch",
					"pivot": [9, 14, 0],
					"cubes": [
						{"origin": [8, 11.8, 0], "size": [1, 2, 0], "pivot": [9, 14, 0], "rotation": [-32.10382, 5.35355, 130.95862], "uv": [2, 0], "mirror": true},
						{"origin": [7, 11.8, 0], "size": [3, 1, 0], "pivot": [9, 14, 0], "rotation": [-32.10382, 5.35355, 130.95862], "uv": [19, 0], "mirror": true}
					]
				},
				{
					"name": "right_leaf2",
					"parent": "right_branch",
					"pivot": [10, 13, 0],
					"cubes": [
						{"origin": [9.5, 13, 0], "size": [1, 2, 0], "pivot": [10, 13, 0], "rotation": [32.5, 0, 122.5], "uv": [2, 0], "mirror": true},
						{"origin": [8.5, 14, 0], "size": [3, 1, 0], "pivot": [10, 13, 0], "rotation": [32.5, 0, 122.5], "uv": [19, 0], "mirror": true}
					]
				},
				{
					"name": "right_eye",
					"parent": "head",
					"pivot": [0, 1, 0],
					"cubes": [
						{"origin": [1, 8.75, -3.51], "size": [2, 3.5, 0], "uv": [0, 2]}
					]
				},
				{
					"name": "right_eye_open",
					"parent": "right_eye",
					"pivot": [0, 1, 0],
					"cubes": [
						{"origin": [1.25, 9.5, -3.52], "size": [1, 2, 0], "uv": [0, 0]}
					]
				},
				{
					"name": "right_eye_closed",
					"parent": "right_eye",
					"pivot": [0, 1, 0],
					"cubes": [
						{"origin": [1.25, 9.5, -3.52], "size": [1, 1, 0], "uv": [0, 0]}
					]
				},
				{
					"name": "left_eye",
					"parent": "head",
					"pivot": [0, 1, 0],
					"cubes": [
						{"origin": [-3, 8.75, -3.51], "size": [2, 3.5, 0], "uv": [0, 2]}
					]
				},
				{
					"name": "left_eye_open",
					"parent": "left_eye",
					"pivot": [0, 1, 0],
					"cubes": [
						{"origin": [-2.25, 9.5, -3.52], "size": [1, 2, 0], "uv": [0, 0]}
					]
				},
				{
					"name": "left_eye_closed",
					"parent": "left_eye",
					"pivot": [0, 1, 0],
					"cubes": [
						{"origin": [-2.25, 9.5, -3.52], "size": [1, 1, 0], "uv": [0, 0]}
					]
				},
				{
					"name": "mouth",
					"parent": "head",
					"pivot": [0, 1, 0]
				},
				{
					"name": "open",
					"parent": "mouth",
					"pivot": [0, 1, 0],
					"cubes": [
						{"origin": [-0.5, 8, -3.51], "size": [1, 1, 0], "uv": [2, 4]}
					]
				},
				{
					"name": "closed",
					"parent": "mouth",
					"pivot": [0, 1, 0],
					"cubes": [
						{"origin": [-0.5, 8, -3.51], "size": [1, 1, 0], "uv": [2, 3]}
					]
				},
				{
					"name": "left_arm",
					"parent": "torso",
					"pivot": [-1.5, 5.5, -1],
					"cubes": [
						{"origin": [-2, 3.5, -1.5], "size": [1, 2, 1], "pivot": [-1.5, 5.5, -1], "rotation": [-90, 0, 0], "uv": [24, 7]}
					]
				},
				{
					"name": "right_arm",
					"parent": "torso",
					"pivot": [1.5, 5.5, -1],
					"cubes": [
						{"origin": [1, 3.5, -1.5], "size": [1, 2, 1], "pivot": [1.5, 5.5, -1], "rotation": [-90, 0, 0], "uv": [24, 7]}
					]
				}
			]
		}
	]
}