{
    "display": {
      "icon": {
        "item": "cobblemon:dubious_disc"
      },
      "title": "Mechanical Mayhem",
      "description": "Summon Iron Leaves using a Beacon and a Dubious Disk",
      "frame": "challenge",
      "show_toast": true,
      "announce_to_chat": true,
      "hidden": false
    },
    "parent": "survivallegends:root",
    "criteria": {
      "stone_use": {
        "trigger": "minecraft:item_used_on_block",
        "conditions": {
          "item": {
            "items": [
              "cobblemon:dubious_disc"
            ],
            "count": 1
          },
          "location": {
            "block": {
              "blocks": [
               	"minecraft:beacon"
              ]
            },
            "structure": "minecraft:end_city"
          }
        }
      }
    },
    "requirements": [
      [
        "stone_use"
      ]
    ],
    "rewards": {
        "function": "survivallegends:ironleaves"
    }
  } 