{
    "display": {
      "icon": {
        "item": "minecraft:dragon_egg"
      },
      "title": "Sky-Rending Constellation",
      "description": "Summon Rayquaza using a Beacon and a Dragon Egg",
      "frame": "challenge",
      "show_toast": true,
      "announce_to_chat": true,
      "hidden": false
    },
    "parent": "survivallegends:root",
    "criteria": {
      "stone_use": {
        "trigger": "minecraft:item_used_on_block",
        "conditions": {
          "item": {
            "items": [
              "minecraft:dragon_egg"
            ],
            "count": 1
          },
          "location": {
            "block": {
              "blocks": [
                "minecraft:beacon"
              ]
            }
          }
        }
      }
    },
    "requirements": [
      [
        "stone_use"
      ]
    ],
    "rewards": {
        "function": "survivallegends:rayquaza"
    }
  }