{
  "species": "cobblemon:phantump",
  "order": 0,
  "variations": [
    {
      "aspects": [],
      "poser": "cobblemon:phantump",
      "model": "cobblemon:phantump.geo",
      "texture": "cobblemon:textures/pokemon/phantump/phantump.png",
      "layers": []
    },
    {
      "aspects": [
        "shiny"
      ],
      "texture": "cobblemon:textures/pokemon/phantump/phantump_shiny.png"
    },
    {
      "aspects": [ "phantump_acacia_wood" ],
      "texture": "cobblemon:textures/pokemon/phantump/phantump_acacia_wood.png"
    },
    {
      "aspects": [ "phantump_acacia_log" ],
      "texture": "cobblemon:textures/pokemon/phantump/phantump_acacia_log.png"
    },
    {
      "aspects": [ "phantump_apricorn_wood" ],
      "texture": "cobblemon:textures/pokemon/phantump/phantump_apricorn_wood.png"
    },
    {
      "aspects": [ "phantump_apricorn_log" ],
      "texture": "cobblemon:textures/pokemon/phantump/phantump_apricorn_log.png"
    },
    {
      "aspects": [ "phantump_birch_wood" ],
      "texture": "cobblemon:textures/pokemon/phantump/phantump_birch_wood.png"
    },
    {
      "aspects": [ "phantump_birch_log" ],
      "texture": "cobblemon:textures/pokemon/phantump/phantump_birch_log.png"
    },
    {
      "aspects": [ "phantump_brownmushroom_wood" ],
      "texture": "cobblemon:textures/pokemon/phantump/phantump_brownmushroom_wood.png"
    },
    {
      "aspects": [ "phantump_brownmushroom_log" ],
      "texture": "cobblemon:textures/pokemon/phantump/phantump_brownmushroom_log.png"
    },
    {
      "aspects": [ "phantump_crimson_wood" ],
      "texture": "cobblemon:textures/pokemon/phantump/phantump_crimson_wood.png"
    },
    {
      "aspects": [ "phantump_crimson_log" ],
      "texture": "cobblemon:textures/pokemon/phantump/phantump_crimson_log.png"
    },
    {
      "aspects": [ "phantump_darkoak_wood" ],
      "texture": "cobblemon:textures/pokemon/phantump/phantump_darkoak_wood.png"
    },
    {
      "aspects": [ "phantump_darkoak_log" ],
      "texture": "cobblemon:textures/pokemon/phantump/phantump_arkoak_log.png"
    },
    {
      "aspects": [ "phantump_jungle_wood" ],
      "texture": "cobblemon:textures/pokemon/phantump/phantump_jungle_wood.png"
    },
    {
      "aspects": [ "phantump_jungle_log" ],
      "texture": "cobblemon:textures/pokemon/phantump/phantump_jungle_log.png"
    },
    {
      "aspects": [ "phantump_mangrove_wood" ],
      "texture": "cobblemon:textures/pokemon/phantump/phantump_mangrove_wood.png"
    },
    {
      "aspects": [ "phantump_mangrove_log" ],
      "texture": "cobblemon:textures/pokemon/phantump/phantump_mangrove_log.png"
    },
    {
      "aspects": [ "phantump_oak_wood" ],
      "texture": "cobblemon:textures/pokemon/phantump/phantump_oak_wood.png"
    },
    {
      "aspects": [ "phantump_oak_log" ],
      "texture": "cobblemon:textures/pokemon/phantump/phantump_oak_log.png"
    },
    {
      "aspects": [ "phantump_red_mushroom_wood" ],
      "texture": "cobblemon:textures/pokemon/phantump/phantump_red_mushroom_wood.png"
    },
    {
      "aspects": [ "phantump_red_mushroom_log" ],
      "texture": "cobblemon:textures/pokemon/phantump/phantump_red_mushroom_log.png"
    },
    {
      "aspects": [ "phantump_spruce_wood" ],
      "texture": "cobblemon:textures/pokemon/phantump/phantump_spruce_wood.png"
    },
    {
      "aspects": [ "phantump_spruce_log" ],
      "texture": "cobblemon:textures/pokemon/phantump/phantump_spruce_log.png"
    },
    {
      "aspects": [ "phantump_warped_wood" ],
      "texture": "cobblemon:textures/pokemon/phantump/phantump_warped_wood.png"
    },
    {
      "aspects": [ "phantump_warped_log" ],
      "texture": "cobblemon:textures/pokemon/phantump/phantump_warped_log.png"
    }
  ]
}