{
  "implemented": true,
  "name": "Dodrio",
  "nationalPokedexNumber": 85,
  "primaryType": "normal",
  "secondaryType": "flying",
  "abilities": [
    "runaway",
    "earlybird",
    "h:tangledfeet"
  ],
  "baseStats": {
    "hp": 60,
    "attack": 110,
    "defence": 70,
    "special_attack": 60,
    "special_defence": 60,
    "speed": 110
  },
  "catchRate": 45,
  "maleRatio": 0.5,
  "shoulderMountable": false,
  "baseExperienceYield": 165,
  "experienceGroup": "medium_fast",
  "eggCycles": 20,
  "eggGroups": [
    "flying"
  ],
  "drops": {
    "amount": "3",
    "entries": [
      {
        "item": "minecraft:feather",
        "quantityRange": "1-2",
        "percentage": 66
      },
      {
        "item": "minecraft:chicken"
      },
	  
	  {
        "item": "cobblemon:sharp_beak",
        "percentage": 5
      }
    ]
  },
  "moves": [
    "15:pursuit",
    "19:pluck",
    "22:doublehit",
    "29:uproar",
    "34:acupressure",
    "52:endeavor",
    "tm:aerialace",
    "tm:attract",
    "tm:captivate",
    "tm:confide",
    "tm:doubleteam",
    "tm:echoedvoice",
    "tm:frustration",
    "tm:gigaimpact",
    "tm:hiddenpower",
    "tm:naturalgift",
    "tm:payback",
    "tm:return",
    "tm:round",
    "tm:secretpower",
    "tm:sleeptalk",
    "tm:steelwing",
    "tm:sunnyday",
    "tm:swagger",
    "tm:thief",
    "tm:torment",
    "tm:workup",
    "tutor:agility",
    "tutor:aircutter",
    "tutor:attract",
    "tutor:batonpass",
    "tutor:bide",
    "tutor:bodyslam",
    "tutor:curse",
    "tutor:doubleedge",
    "tutor:doubleteam",
    "tutor:drillpeck",
    "tutor:endeavor",
    "tutor:endure",
    "tutor:facade",
    "tutor:fly",
    "tutor:frustration",
    "tutor:furyattack",
    "tutor:growl",
    "tutor:headbutt",
    "tutor:hiddenpower",
    "tutor:hyperbeam",
    "tutor:jumpkick",
    "tutor:knockoff",
    "tutor:mimic",
    "tutor:mirrormove",
    "tutor:mudslap",
    "tutor:peck",
    "tutor:protect",
    "tutor:pursuit",
    "tutor:quickattack",
    "tutor:rage",
    "tutor:reflect",
    "tutor:rest",
    "tutor:return",
    "tutor:roost",
    "tutor:skullbash",
    "tutor:skyattack",
    "tutor:skyattack",
    "tutor:sleeptalk",
    "tutor:snore",
    "tutor:snore",
    "tutor:steelwing",
    "tutor:stompingtantrum",
    "tutor:substitute",
    "tutor:sunnyday",
    "tutor:supersonic",
    "tutor:swagger",
    "tutor:swift",
    "tutor:swordsdance",
    "tutor:takedown",
    "tutor:taunt",
    "tutor:thief",
    "tutor:thrash",
    "tutor:toxic",
    "tutor:triattack",
    "tutor:uproar",
    "tutor:whirlwind"
  ],
  "labels": [
    "gen1"
  ],
  "pokedex": [
    "cobblemon.species.dodrio.desc"
  ],
  "preEvolution": "doduo",
  "evolutions": [],
  "baseScale": 1.6,
  "hitbox": {
    "width": 0.6,
    "height": 1.6,
    "fixed": false
  },
  "baseFriendship": 70,
  "evYield": {
    "hp": 0,
    "attack": 2,
    "defence": 0,
    "special_attack": 0,
    "special_defence": 0,
    "speed": 0
  },
  "height": 18,
  "weight": 852,
  "aspects": [],
  "cannotDynamax": false
}