{
	"format_version": "1.8.0",
	"animations": {
		"animation.phantump.ground_idle": {
			"loop": true,
			"bones": {
				"phantump": {
					"position": ["0.25*(math.sin(q.anim_time*50*4)*1+0)", "10-1*(math.sin(q.anim_time*50*4-90)*1+1)", 0]
				},
				"torso": {
					"rotation": [0, 0, 0]
				},
				"tail": {
					"rotation": ["-5*(math.sin(q.anim_time*50*6)*0.4+1)", -35, 0],
					"position": [0, 0.75, "1*(math.sin(q.anim_time*30*6)*0.4+1)"]
				},
				"head": {
					"rotation": ["-2*(math.sin(q.anim_time*40*4)*1+0)", 0, "-2*(math.sin(q.anim_time*40*4)*1+0)"],
					"position": [0, "-.25*(math.sin(q.anim_time*40*4)*1+0)", 0]
				},
				"tuft": {
					"rotation": [0, 0, "-5*(math.sin(q.anim_time*50*6)*0.4+1)"]
				},
				"open": {
					"position": [0, 0, 1]
				},
				"left_arm": {
					"rotation": ["5*(math.sin(q.anim_time*60*4)*1+1)", 15, 5]
				},
				"right_arm": {
					"rotation": ["5*(math.sin(q.anim_time*60*4)*1+1)", -15, 5]
				},
				"right_eye_closed": {
					"position": [0, 0, 1]
				},
				"left_eye_closed": {
					"position": [0, 0, 1]
				},
				"tuft_end": {
					"position": ["-0.5*(math.sin(q.anim_time*50*6)*0.4+1)", 0, 0]
				},
				"tuft2": {
					"position": ["-0.25*(math.sin(q.anim_time*50*6)*0.4+1)", 0, 0]
				},
				"end": {
					"rotation": ["5*(math.sin(q.anim_time*50*6)*0.4+1)", -35, "5*(math.sin(q.anim_time*50*6)*0.4+1)"],
					"position": [0, 0, "0.25*(math.sin(q.anim_time*30*6)*0.4+1)"]
				},
				"torso2": {
					"rotation": ["5*(math.sin(q.anim_time*30*6)*0.4+1)", 0, 0],
					"position": [0, 0.5, 0]
				},
				"right_leaf2": {
					"rotation": [0, 0, "-15*(math.sin(q.anim_time*40*6)*0.4+1)"]
				},
				"left_leaf1": {
					"rotation": [0, 0, "15*(math.sin(q.anim_time*30*6)*0.4+1)"]
				},
				"left_leaf2": {
					"rotation": [0, 0, "15*(math.sin(q.anim_time*40*6)*0.4+1)"]
				},
				"right_leaf1": {
					"rotation": [0, 0, "-15*(math.sin(q.anim_time*30*6)*0.4+1)"]
				}
			}
		},
		"animation.phantump.ground_walk": {
			"loop": true,
			"bones": {
				"phantump": {
					"rotation": [32.5, 0, 0],
					"position": ["0.5*(math.sin(q.anim_time*50*4)*1+0)", "10-1*(math.sin(q.anim_time*50*4-90)*1+1)", "1.5+1*(math.sin(q.anim_time*50*4-90)*1+1)"]
				},
				"torso": {
					"rotation": [0, 0, 0]
				},
				"tail": {
					"rotation": ["-5*(math.sin(q.anim_time*50*6)*0.4+1)", -35, 0],
					"position": [0, 0.75, "1*(math.sin(q.anim_time*30*6)*0.4+1)"]
				},
				"head": {
					"rotation": ["-27.5-2*(math.sin(q.anim_time*40*4)*1+0)", 0, "0-2*(math.sin(q.anim_time*40*4)*1+0)"],
					"position": [0, "-.25*(math.sin(q.anim_time*40*4)*1+0)", 0]
				},
				"tuft": {
					"rotation": [0, 0, "-5*(math.sin(q.anim_time*50*6)*0.4+1)"]
				},
				"right_eye_closed": {
					"position": [0, 0, 1]
				},
				"left_eye_closed": {
					"position": [0, 0, 1]
				},
				"open": {
					"position": [0, 0, 1]
				},
				"left_arm": {
					"rotation": ["5*(math.sin(q.anim_time*60*4)*1+1)", 15, 5]
				},
				"right_arm": {
					"rotation": ["5*(math.sin(q.anim_time*60*4)*1+1)", -15, 5]
				},
				"end": {
					"rotation": ["5*(math.sin(q.anim_time*50*6)*0.4+1)", -35, "5*(math.sin(q.anim_time*50*6)*0.4+1)"],
					"position": [0, 0, "0.25*(math.sin(q.anim_time*30*6)*0.4+1)"]
				},
				"tuft2": {
					"position": ["-0.25*(math.sin(q.anim_time*50*6)*0.4+1)", 0, 0]
				},
				"tuft_end": {
					"position": ["-0.5*(math.sin(q.anim_time*50*6)*0.4+1)", 0, 0]
				},
				"torso2": {
					"rotation": ["5*(math.sin(q.anim_time*30*6)*0.4+1)", 0, 0],
					"position": [0, 0.5, 0]
				},
				"left_leaf1": {
					"rotation": [0, 0, "15*(math.sin(q.anim_time*30*6)*0.4+1)"]
				},
				"left_leaf2": {
					"rotation": [0, 0, "15*(math.sin(q.anim_time*40*6)*0.4+1)"]
				},
				"right_leaf2": {
					"rotation": [0, 0, "-15*(math.sin(q.anim_time*40*6)*0.4+1)"]
				},
				"right_leaf1": {
					"rotation": [0, 0, "-15*(math.sin(q.anim_time*30*6)*0.4+1)"]
				}
			}
		},
		"animation.phantump.sleep": {
			"loop": true,
			"bones": {
				"phantump": {
					"position": ["0.25*(math.sin(q.anim_time*50*4)*1+0)", "10-0.5*(math.sin(q.anim_time*50*4-90)*1+1)", 0]
				},
				"torso": {
					"rotation": ["12+math.sin(q.anim_time*120*2)*0.5", 0, 0]
				},
				"torso2": {
					"rotation": ["5*(math.sin(q.anim_time*30*6)*0.4+1)", 0, 0],
					"position": [0, 0.5, 0]
				},
				"tail": {
					"rotation": ["-5*(math.sin(q.anim_time*50*6)*0.4+1)", -35, 0],
					"position": [0, 0.75, "0.25*(math.sin(q.anim_time*30*6)*0.4+1)"]
				},
				"end": {
					"rotation": ["5*(math.sin(q.anim_time*50*6)*0.4+1)", -35, "5*(math.sin(q.anim_time*50*6)*0.4+1)"],
					"position": [0, 0, "0.25*(math.sin(q.anim_time*30*6)*0.4+1)"]
				},
				"head": {
					"rotation": ["15+5*(math.sin(q.anim_time*40*4)*1+0)", "-15-2*(math.sin(q.anim_time*40*4)*1+0)", "5-5*(math.sin(q.anim_time*40*4)*1+0)"],
					"position": [0, "0.15*(math.sin(q.anim_time*40*4)*1+1)", 0]
				},
				"tuft": {
					"rotation": [0, 0, "-5*(math.sin(q.anim_time*30*6)*0.4+1)"]
				},
				"tuft2": {
					"position": ["-0.25*(math.sin(q.anim_time*30*6)*0.4+1)", 0, 0]
				},
				"tuft_end": {
					"position": ["-0.5*(math.sin(q.anim_time*30*6)*0.4+1)", 0, 0]
				},
				"left_leaf1": {
					"rotation": [0, 0, "15*(math.sin(q.anim_time*30*6)*0.4+1)"]
				},
				"left_leaf2": {
					"rotation": [0, 0, "15*(math.sin(q.anim_time*40*6)*0.4+1)"]
				},
				"right_leaf1": {
					"rotation": [0, 0, "-15*(math.sin(q.anim_time*30*6)*0.4+1)"]
				},
				"right_leaf2": {
					"rotation": [0, 0, "-15*(math.sin(q.anim_time*40*6)*0.4+1)"]
				},
				"right_eye_open": {
					"position": [0, 0, 1]
				},
				"right_eye_closed": {
					"position": [0, 0, 0]
				},
				"left_eye_open": {
					"position": [0, 0, 1]
				},
				"left_eye_closed": {
					"position": [0, 0, 0]
				},
				"open": {
					"position": [0, 0, 0]
				},
				"closed": {
					"position": [0, 0, 1]
				},
				"left_arm": {
					"rotation": ["15+5*(math.sin(q.anim_time*30*4)*1+1)", 15, 5]
				},
				"right_arm": {
					"rotation": ["15+5*(math.sin(q.anim_time*30*4)*1+1)", -15, 5]
				}
			}
		},
		"animation.phantump.blink": {
			"animation_length": 0.16667,
			"bones": {
				"right_eye_open": {
					"position": {
						"0.0": [0, 0, 1],
						"0.125": {
							"pre": [0, 0, 1],
							"post": [0, 0, 0]
						}
					}
				},
				"left_eye_open": {
					"position": {
						"0.0": [0, 0, 1],
						"0.125": {
							"pre": [0, 0, 1],
							"post": [0, 0, 0]
						}
					}
				},
				"open": {
					"position": [0, 0, 1]
				}
			}
		}
	}
}