{
    "name": "meloetta",
    "nationalPokedexNumber": 648,
    "primaryType": "normal",
    "secondaryType": "psychic",
    "abilities": [
        "serenegrace"
    ],
    "baseStats": {
        "hp": 100,
        "attack": 77,
        "defence": 77,
        "special_attack": 128,
        "special_defence": 128,
        "speed": 90
    },
    "catchRate": 3,
    "maleRatio": -1,
    "shoulderMountable": false,
    "baseExperienceYield": 270,
    "baseFriendship": 100,
    "evYield": {
        "special_attack": 1,
        "special_defence": 1,
        "speed": 1
    },
    "experienceGroup": "slow",
    "eggCycles": 120,
    "eggGroups": [
        "undiscovered"
    ],
    "moves": [
        "1:sing",
        "1:confusion",
        "1:quickattack",
        "1:round",
        "6:quickattack",
        "11:confusion",
        "16:sing",
        "21:teeterdance",
        "26:acrobatics",
        "31:psybeam",
        "36:echoedvoice",
        "43:uturn",
        "50:wakeupslap",
        "57:psychic",
        "64:hypervoice",
        "71:roleplay",
        "78:closecombat",
        "85:perishsong",
        "tm:acrobatics",
        "tm:brickbreak",
        "tm:calmmind",
        "tm:chargebeam",
        "tm:confide",
        "tm:dazzlinggleam",
        "tm:doubleteam",
        "tm:dreameater",
        "tm:echoedvoice",
        "tm:embargo",
        "tm:energyball",
        "tm:facade",
        "tm:flash",
        "tm:fling",
        "tm:focusblast",
        "tm:frustration",
        "tm:gigaimpact",
        "tm:grassknot",
        "tm:hiddenpower",
        "tm:honeclaws",
        "tm:hyperbeam",
        "tm:lightscreen",
        "tm:lowsweep",
        "tm:payback",
        "tm:poweruppunch",
        "tm:protect",
        "tm:psychic",
        "tm:psychup",
        "tm:psyshock",
        "tm:raindance",
        "tm:rest",
        "tm:retaliate",
        "tm:return",
        "tm:rocksmash",
        "tm:round",
        "tm:safeguard",
        "tm:secretpower",
        "tm:shadowball",
        "tm:shadowclaw",
        "tm:sleeptalk",
        "tm:stoneedge",
        "tm:strength",
        "tm:substitute",
        "tm:sunnyday",
        "tm:swagger",
        "tm:thunder",
        "tm:thunderbolt",
        "tm:thunderwave",
        "tm:toxic",
        "tm:trickroom",
        "tm:uturn",
        "tm:workup",
        "tutor:allyswitch",
        "tutor:covet",
        "tutor:drainpunch",
        "tutor:dualchop",
        "tutor:firepunch",
        "tutor:focuspunch",
        "tutor:gravity",
        "tutor:healbell",
        "tutor:helpinghand",
        "tutor:hypervoice",
        "tutor:icepunch",
        "tutor:knockoff",
        "tutor:laserfocus",
        "tutor:lastresort",
        "tutor:lowkick",
        "tutor:magiccoat",
        "tutor:magicroom",
        "tutor:recycle",
        "tutor:relicsong",
        "tutor:roleplay",
        "tutor:shockwave",
        "tutor:signalbeam",
        "tutor:skillswap",
        "tutor:snatch",
        "tutor:snore",
        "tutor:telekinesis",
        "tutor:thunderpunch",
        "tutor:trick",
        "tutor:uproar",
        "tutor:wonderroom",
        "tutor:zenheadbutt"
    ],
    "labels": [
        "gen5",
        "mythical"
    ],
    "pokedex": [
        "cobblemon.species.meloetta.desc1",
        "cobblemon.species.meloetta.desc2"
    ],
    "height": 6,
    "weight": 65,
    "evolutions": [],
    "baseScale": 0.8,
    "hitbox": {
        "width": 0.5,
        "height": 0.5,
        "fixed": false
    },
    "forms": [
        {
            "name": "pirouette",
            "secondaryType": "fighting",
            "baseStats": {
                "hp": 100,
                "attack": 128,
                "defence": 90,
                "special_attack": 77,
                "special_defence": 77,
                "speed": 128
            },
            "evYield": {
                "attack": 1,
                "defence": 1,
                "speed": 1
            },
            "pokedex": [
                "cobblemon.form.meloetta-pirouette.desc1",
                "cobblemon.form.meloetta-pirouette.desc2"
            ]
        }
    ]
}